{
"res":{
	"flying0000": {"x":0,"y":0,"w":139,"h":46},
	"flying0001": {"x":0,"y":46,"w":139,"h":46},
	"flying0002": {"x":0,"y":92,"w":139,"h":46},
	"flying0003": {"x":0,"y":138,"w":139,"h":46},
	"flying0004": {"x":0,"y":184,"w":139,"h":46},
	"flying0005": {"x":0,"y":230,"w":139,"h":46}
},
"frames": {
	"flying": {
		"totalFrame": 6,
		"childrenFrame": [
			{"res":"flying0000","x":-21.95,"y":-27.7},
			{"res":"flying0001","x":-21.95,"y":-27.7},
			{"res":"flying0002","x":-21.95,"y":-27.7},
			{"res":"flying0003","x":-21.95,"y":-27.7},
			{"res":"flying0004","x":-21.95,"y":-27.7},
			{"res":"flying0005","x":-21.95,"y":-27.7}
		]
	}
}
}