{
"res":{
	"hit0000": {"x":0,"y":0,"w":168,"h":183},
	"hit0001": {"x":0,"y":0,"w":168,"h":183},
	"hit0002": {"x":168,"y":0,"w":168,"h":183},
	"hit0003": {"x":168,"y":0,"w":168,"h":183},
	"hit0004": {"x":168,"y":0,"w":168,"h":183},
	"hit0005": {"x":168,"y":0,"w":168,"h":183},
	"hit0006": {"x":168,"y":0,"w":168,"h":183},
	"hit0007": {"x":168,"y":0,"w":168,"h":183},
	"hit0008": {"x":168,"y":0,"w":168,"h":183},
	"hit0009": {"x":168,"y":0,"w":168,"h":183},
	"hit0010": {"x":336,"y":0,"w":168,"h":183},
	"hit0011": {"x":336,"y":0,"w":168,"h":183},
	"hit0012": {"x":0,"y":183,"w":168,"h":183},
	"hit0013": {"x":168,"y":183,"w":168,"h":183},
	"hit0014": {"x":168,"y":183,"w":168,"h":183},
	"hit0015": {"x":336,"y":183,"w":168,"h":183},
	"hit0016": {"x":336,"y":183,"w":168,"h":183},
	"hit0017": {"x":336,"y":183,"w":168,"h":183}
},
"frames": {

	"hit": {
		"totalFrame": 9,
		"childrenFrame": [
			{"res":"hit0009","x":-56.85,"y":14.9},
			{"res":"hit0010","x":-56.85,"y":14.9},
			{"res":"hit0011","x":-56.85,"y":14.9},
			{"res":"hit0012","x":-56.85,"y":14.9},
			{"res":"hit0013","x":-56.85,"y":14.9 ,"action":"hiton"},
			{"res":"hit0014","x":-56.85,"y":14.9},
			{"res":"hit0015","x":-56.85,"y":14.9},
			{"res":"hit0016","x":-56.85,"y":14.9},
			{"res":"hit0017","x":-56.85,"y":14.9,"action":"finish"}
		]
	},
	"ready":{
		"totalFrame": 7,
		"childrenFrame": [
			{"res":"hit0002","x":-85.85,"y":-93.1},
			{"res":"hit0003","x":-85.85,"y":-93.1},
			{"res":"hit0004","x":-85.85,"y":-93.1},
			{"res":"hit0005","x":-85.85,"y":-93.1},
			{"res":"hit0006","x":-85.85,"y":-93.1},
			{"res":"hit0007","x":-85.85,"y":-93.1},
			{"res":"hit0008","x":-85.85,"y":-93.1}
		]
	},
	"stand":{
		"totalFrame": 2,
		"childrenFrame": [
			{"res":"hit0000","x":-56.85,"y":14.9},
			{"res":"hit0001","x":-56.85,"y":14.9}
		]
	}

}
}