{
"res":{
	"nohit0000": {"x":0,"y":0,"w":136,"h":115},
	"nohit0001": {"x":0,"y":0,"w":136,"h":115},
	"nohit0002": {"x":0,"y":0,"w":136,"h":115},
	"nohit0003": {"x":136,"y":0,"w":136,"h":115},
	"nohit0004": {"x":136,"y":0,"w":136,"h":115},
	"nohit0005": {"x":136,"y":0,"w":136,"h":115},
	"nohit0006": {"x":272,"y":0,"w":136,"h":115},
	"nohit0007": {"x":272,"y":0,"w":136,"h":115},
	"nohit0008": {"x":272,"y":0,"w":136,"h":115},
	"nohit0009": {"x":0,"y":115,"w":136,"h":115},
	"nohit0010": {"x":0,"y":115,"w":136,"h":115},
	"nohit0011": {"x":0,"y":115,"w":136,"h":115},
	"nohit0012": {"x":136,"y":115,"w":136,"h":115},
	"nohit0013": {"x":136,"y":115,"w":136,"h":115},
	"nohit0014": {"x":136,"y":115,"w":136,"h":115},
	"nohit0015": {"x":272,"y":115,"w":136,"h":115},
	"nohit0016": {"x":272,"y":115,"w":136,"h":115},
	"nohit0017": {"x":272,"y":115,"w":136,"h":115},
	"nohit0018": {"x":272,"y":115,"w":136,"h":115},
	"nohit0019": {"x":0,"y":230,"w":136,"h":115},
	"nohit0020": {"x":0,"y":230,"w":136,"h":115},
	"nohit0021": {"x":0,"y":230,"w":136,"h":115},
	"nohit0022": {"x":136,"y":230,"w":136,"h":115},
	"nohit0023": {"x":136,"y":230,"w":136,"h":115},
	"nohit0024": {"x":136,"y":230,"w":136,"h":115},
	"nohit0025": {"x":272,"y":230,"w":136,"h":115},
	"nohit0026": {"x":272,"y":230,"w":136,"h":115},
	"nohit0027": {"x":272,"y":230,"w":136,"h":115},
	"nohit0028": {"x":0,"y":345,"w":136,"h":115},
	"nohit0029": {"x":0,"y":345,"w":136,"h":115},
	"nohit0030": {"x":0,"y":345,"w":136,"h":115},
	"nohit0031": {"x":136,"y":345,"w":136,"h":115},
	"nohit0032": {"x":136,"y":345,"w":136,"h":115},
	"nohit0033": {"x":136,"y":345,"w":136,"h":115},
	"nohit0034": {"x":272,"y":345,"w":136,"h":115},
	"nohit0035": {"x":272,"y":345,"w":136,"h":115},
	"nohit0036": {"x":272,"y":345,"w":136,"h":115}
},
"frames": {
	"nohit": {
		"totalFrame": 37,
		"childrenFrame": [
			{"res":"nohit0000","x":-65.9,"y":-66.3},
			{"res":"nohit0001","x":-65.9,"y":-66.3},
			{"res":"nohit0002","x":-65.9,"y":-66.3},
			{"res":"nohit0003","x":-65.9,"y":-66.3},
			{"res":"nohit0004","x":-65.9,"y":-66.3},
			{"res":"nohit0005","x":-65.9,"y":-66.3},
			{"res":"nohit0006","x":-65.9,"y":-66.3},
			{"res":"nohit0007","x":-65.9,"y":-66.3},
			{"res":"nohit0008","x":-65.9,"y":-66.3},
			{"res":"nohit0009","x":-65.9,"y":-66.3},
			{"res":"nohit0010","x":-65.9,"y":-66.3},
			{"res":"nohit0011","x":-65.9,"y":-66.3},
			{"res":"nohit0012","x":-65.9,"y":-66.3},
			{"res":"nohit0013","x":-65.9,"y":-66.3},
			{"res":"nohit0014","x":-65.9,"y":-66.3},
			{"res":"nohit0015","x":-65.9,"y":-66.3},
			{"res":"nohit0016","x":-65.9,"y":-66.3},
			{"res":"nohit0017","x":-65.9,"y":-66.3},
			{"res":"nohit0018","x":-65.9,"y":-66.3},
			{"res":"nohit0019","x":-65.9,"y":-66.3},
			{"res":"nohit0020","x":-65.9,"y":-66.3},
			{"res":"nohit0021","x":-65.9,"y":-66.3},
			{"res":"nohit0022","x":-65.9,"y":-66.3},
			{"res":"nohit0023","x":-65.9,"y":-66.3},
			{"res":"nohit0024","x":-65.9,"y":-66.3},
			{"res":"nohit0025","x":-65.9,"y":-66.3},
			{"res":"nohit0026","x":-65.9,"y":-66.3},
			{"res":"nohit0027","x":-65.9,"y":-66.3},
			{"res":"nohit0028","x":-65.9,"y":-66.3},
			{"res":"nohit0029","x":-65.9,"y":-66.3},
			{"res":"nohit0030","x":-65.9,"y":-66.3},
			{"res":"nohit0031","x":-65.9,"y":-66.3},
			{"res":"nohit0032","x":-65.9,"y":-66.3},
			{"res":"nohit0033","x":-65.9,"y":-66.3},
			{"res":"nohit0034","x":-65.9,"y":-66.3},
			{"res":"nohit0035","x":-65.9,"y":-66.3},
			{"res":"nohit0036","x":-65.9,"y":-66.3}
		]
	}
}
}