{
"res":{
	"readyjump0000": {"x":0,"y":0,"w":85,"h":123},
	"readyjump0001": {"x":0,"y":0,"w":85,"h":123},
	"readyjump0002": {"x":85,"y":0,"w":85,"h":123},
	"readyjump0003": {"x":85,"y":0,"w":85,"h":123},
	"readyjump0004": {"x":170,"y":0,"w":85,"h":123},
	"readyjump0005": {"x":170,"y":0,"w":85,"h":123},
	"readyjump0006": {"x":170,"y":0,"w":85,"h":123},
	"readyjump0007": {"x":170,"y":0,"w":85,"h":123},
	"readyjump0008": {"x":170,"y":0,"w":85,"h":123},
	"readyjump0009": {"x":170,"y":0,"w":85,"h":123},
	"readyjump0010": {"x":170,"y":0,"w":85,"h":123},
	"readyjump0011": {"x":170,"y":0,"w":85,"h":123},
	"readyjump0012": {"x":170,"y":0,"w":85,"h":123},
	"readyjump0013": {"x":170,"y":0,"w":85,"h":123},
	"readyjump0014": {"x":170,"y":0,"w":85,"h":123},
	"readyjump0015": {"x":170,"y":0,"w":85,"h":123},
	"readyjump0016": {"x":170,"y":0,"w":85,"h":123},
	"readyjump0017": {"x":170,"y":0,"w":85,"h":123},
	"readyjump0018": {"x":170,"y":0,"w":85,"h":123}
},
"frames": {
	"readyjump": {
		"totalFrame": 19,
		"childrenFrame": [
			{"res":"readyjump0000","x":-40.8,"y":-74.45},
			{"res":"readyjump0001","x":-40.8,"y":-74.45},
			{"res":"readyjump0002","x":-40.8,"y":-74.45},
			{"res":"readyjump0003","x":-40.8,"y":-74.45},
			{"res":"readyjump0004","x":-40.8,"y":-74.45},
			{"res":"readyjump0005","x":-40.8,"y":-74.45},
			{"res":"readyjump0006","x":-40.8,"y":-74.45},
			{"res":"readyjump0007","x":-40.8,"y":-74.45},
			{"res":"readyjump0008","x":-40.8,"y":-74.45},
			{"res":"readyjump0009","x":-40.8,"y":-74.45},
			{"res":"readyjump0010","x":-40.8,"y":-74.45},
			{"res":"readyjump0011","x":-40.8,"y":-74.45},
			{"res":"readyjump0012","x":-40.8,"y":-74.45},
			{"res":"readyjump0013","x":-40.8,"y":-74.45},
			{"res":"readyjump0014","x":-40.8,"y":-74.45},
			{"res":"readyjump0015","x":-40.8,"y":-74.45},
			{"res":"readyjump0016","x":-40.8,"y":-74.45},
			{"res":"readyjump0017","x":-40.8,"y":-74.45},
			{"res":"readyjump0018","x":-40.8,"y":-74.45,"action":"finish"}
		]
	}
}
}