{
"res":{
	"stay0000": {"x":0,"y":0,"w":78,"h":114},
	"stay0001": {"x":0,"y":0,"w":78,"h":114},
	"stay0002": {"x":0,"y":0,"w":78,"h":114},
	"stay0003": {"x":0,"y":0,"w":78,"h":114},
	"stay0004": {"x":0,"y":0,"w":78,"h":114},
	"stay0005": {"x":0,"y":0,"w":78,"h":114},
	"stay0006": {"x":78,"y":0,"w":78,"h":114},
	"stay0007": {"x":78,"y":0,"w":78,"h":114},
	"stay0008": {"x":78,"y":0,"w":78,"h":114},
	"stay0009": {"x":156,"y":0,"w":78,"h":114},
	"stay0010": {"x":156,"y":0,"w":78,"h":114},
	"stay0011": {"x":156,"y":0,"w":78,"h":114},
	"stay0012": {"x":156,"y":0,"w":78,"h":114},
	"stay0013": {"x":156,"y":0,"w":78,"h":114},
	"stay0014": {"x":156,"y":0,"w":78,"h":114},
	"stay0015": {"x":0,"y":114,"w":78,"h":114},
	"stay0016": {"x":0,"y":114,"w":78,"h":114},
	"stay0017": {"x":0,"y":114,"w":78,"h":114}
},
"frames": {
	"stay": {
		"totalFrame": 18,
		"childrenFrame": [
			{"res":"stay0000","x":-38.85,"y":-56.3},
			{"res":"stay0001","x":-38.85,"y":-56.3},
			{"res":"stay0002","x":-38.85,"y":-56.3},
			{"res":"stay0003","x":-38.85,"y":-56.3},
			{"res":"stay0004","x":-38.85,"y":-56.3},
			{"res":"stay0005","x":-38.85,"y":-56.3},
			{"res":"stay0006","x":-38.85,"y":-56.3},
			{"res":"stay0007","x":-38.85,"y":-56.3},
			{"res":"stay0008","x":-38.85,"y":-56.3},
			{"res":"stay0009","x":-38.85,"y":-56.3},
			{"res":"stay0010","x":-38.85,"y":-56.3},
			{"res":"stay0011","x":-38.85,"y":-56.3},
			{"res":"stay0012","x":-38.85,"y":-56.3},
			{"res":"stay0013","x":-38.85,"y":-56.3},
			{"res":"stay0014","x":-38.85,"y":-56.3},
			{"res":"stay0015","x":-38.85,"y":-56.3},
			{"res":"stay0016","x":-38.85,"y":-56.3},
			{"res":"stay0017","x":-38.85,"y":-56.3}
		]
	}
}
}