{
"res":{
	"stop0000": {"x":0,"y":0,"w":107,"h":87},
	"stop0001": {"x":107,"y":0,"w":107,"h":87},
	"stop0002": {"x":0,"y":87,"w":107,"h":87},
	"stop0003": {"x":107,"y":87,"w":107,"h":87},
	"stop0004": {"x":0,"y":174,"w":107,"h":87},
	"stop0005": {"x":107,"y":174,"w":107,"h":87},
	"stop0006": {"x":0,"y":0,"w":107,"h":87},
	"stop0007": {"x":107,"y":0,"w":107,"h":87},
	"stop0008": {"x":0,"y":87,"w":107,"h":87},
	"stop0009": {"x":107,"y":87,"w":107,"h":87},
	"stop0010": {"x":0,"y":174,"w":107,"h":87},
	"stop0011": {"x":107,"y":174,"w":107,"h":87}
},
"frames": {
	"stop": {
		"totalFrame": 12,
		"childrenFrame": [
			{"res":"stop0000","x":-49.3,"y":-56},
			{"res":"stop0001","x":-49.3,"y":-56},
			{"res":"stop0002","x":-49.3,"y":-56},
			{"res":"stop0003","x":-49.3,"y":-56},
			{"res":"stop0004","x":-49.3,"y":-56},
			{"res":"stop0005","x":-49.3,"y":-56},
			{"res":"stop0006","x":-49.3,"y":-56},
			{"res":"stop0007","x":-49.3,"y":-56},
			{"res":"stop0008","x":-49.3,"y":-56},
			{"res":"stop0009","x":-49.3,"y":-56},
			{"res":"stop0010","x":-49.3,"y":-56},
			{"res":"stop0011","x":-49.3,"y":-56}
		]
	}
}
}